"B-12633",1,"TK-20536","dev",1
"B-12633",1,"TK-20537","test",8
"B-12633",1,"TK-20538","dev",4
"B-12633",1,"TK-20539","dev",4
"B-12633",1,"TK-20540","dev",8
"B-12633",1,"TK-20542","dev",4
"B-12633",1,"TK-20545","dev",4
"B-12633",1,"TK-20547","dev",8
"B-12633",1,"TK-20548","dev",8
"B-12633",1,"TK-20549","test",8
"B-12633",1,"TK-20550","test",8
"B-12634",1,"TK-20598","test",8
"B-12634",1,"TK-20599","test",8
"B-12634",1,"TK-20600","dev",4
"B-12634",1,"TK-20601","dev",4
"B-12638",1,"TK-20620","test",4
"B-12638",1,"TK-20621","test",4
"B-12640",1,"TK-20635","dev",4
"B-12640",1,"TK-20636","dev",8
"B-12640",1,"TK-20638","dev",4
"B-12640",1,"TK-20639","dev",4
"B-12640",1,"TK-20640","test",8
"B-12640",1,"TK-20641","test",4
"B-12640",1,"TK-20642","test",8
"B-12640",1,"TK-20643","test",4
"B-12640",1,"TK-22073","dev",16
"B-12640",1,"TK-22076","dev",8
"B-12643",1,"TK-20669","test",4
"B-12643",1,"TK-20670","test",4
"B-12643",1,"TK-20671","dev",1
"B-12643",1,"TK-20672","dev",1
"B-12644",1,"TK-20673","dev",4
"B-12644",1,"TK-20674","dev",2
"B-12644",1,"TK-20675","dev",2
"B-12644",1,"TK-20676","dev",8
"B-12644",1,"TK-20677","dev",8
"B-12644",1,"TK-20678","test",4
"B-12644",1,"TK-20679","test",4
"B-12644",1,"TK-20680","test",4
"B-12644",1,"TK-20681","test",4
"B-12644",1,"TK-20794","dev",8
"B-12644",1,"TK-20795","dev",4
"B-12644",1,"TK-22522","dev",8
"B-12644",1,"TK-22523","dev",8
"B-12644",1,"TK-22524","dev",4
"B-12652",1,"TK-20759","dev",4
"B-12652",1,"TK-20761","dev",4
"B-12652",1,"TK-20762","test",4
"B-12652",1,"TK-20763","test",4
"B-12655",1,"TK-20769","dev",1
"B-12655",1,"TK-20770","dev",4
"B-12655",1,"TK-20771","dev",4
"B-12655",1,"TK-20772","dev",4
"B-12655",1,"TK-20773","dev",4
"B-12655",1,"TK-20774","dev",4
"B-12655",1,"TK-20775","test",4
"B-12655",1,"TK-20776","test",4
"B-12657",1,"TK-20783","test",8
"B-12657",1,"TK-23219","test",8
"B-12677",1,"TK-20440","dev",4
"B-12677",1,"TK-20441","dev",8
"B-12677",1,"TK-20442","dev",8
"B-12677",1,"TK-20443","dev",8
"B-12677",1,"TK-20445","dev",8
"B-12677",1,"TK-20446","dev",8
"B-12677",1,"TK-20447","dev",4
"B-12677",1,"TK-20448","dev",8
"B-12677",1,"TK-20449","dev",8
"B-12677",1,"TK-20450","dev",8
"B-12677",1,"TK-20451","test",8
"B-12677",1,"TK-20452","test",8
"B-12677",1,"TK-20453","dev",8
"B-12677",1,"TK-20454","dev",8
"B-12677",1,"TK-20455","dev",8
"B-12677",1,"TK-20456","dev",1
"B-12677",1,"TK-20457","test",8
"B-12677",1,"TK-20458","test",8
"B-12677",1,"TK-21523","dev",12
"B-12677",1,"TK-21524","dev",2
"B-12677",1,"TK-21575","dev",24
"B-12680",1,"TK-20461","dev",4
"B-12680",1,"TK-20462","dev",8
"B-12680",1,"TK-20463","dev",8
"B-12680",1,"TK-20465","dev",8
"B-12680",1,"TK-20466","dev",8
"B-12680",1,"TK-20467","dev",4
"B-12680",1,"TK-20468","dev",8
"B-12680",1,"TK-20470","dev",8
"B-12680",1,"TK-20471","test",8
"B-12680",1,"TK-20472","test",8
"B-12680",1,"TK-20475","dev",8
"B-12680",1,"TK-20476","dev",1
"B-12680",1,"TK-20477","test",8
"B-12680",1,"TK-20478","test",8
"B-12681",1,"TK-20479","dev",4
"B-12681",1,"TK-20480","dev",8
"B-12681",1,"TK-20481","dev",8
"B-12681",1,"TK-20482","dev",8
"B-12681",1,"TK-20483","dev",8
"B-12681",1,"TK-20484","dev",8
"B-12681",1,"TK-20486","dev",8
"B-12681",1,"TK-20487","dev",8
"B-12681",1,"TK-20488","dev",8
"B-12681",1,"TK-20489","test",8
"B-12681",1,"TK-20490","test",8
"B-12681",1,"TK-20491","dev",4
"B-12681",1,"TK-20492","dev",8
"B-12681",1,"TK-20493","dev",8
"B-12681",1,"TK-20494","dev",1
"B-12681",1,"TK-20495","test",8
"B-12681",1,"TK-20496","test",8
"B-12681",1,"TK-22119","dev",16
"B-12681",1,"TK-22120","dev",16
"B-12681",1,"TK-22121","test",2
"B-12681",1,"TK-22333","dev",4
"B-12682",1,"TK-20497","dev",4
"B-12682",1,"TK-20498","dev",8
"B-12682",1,"TK-20499","dev",8
"B-12682",1,"TK-20500","dev",8
"B-12682",1,"TK-20501","dev",8
"B-12682",1,"TK-20502","dev",8
"B-12682",1,"TK-20503","dev",4
"B-12682",1,"TK-20504","dev",8
"B-12682",1,"TK-20505","dev",8
"B-12682",1,"TK-20506","dev",8
"B-12682",1,"TK-20507","test",8
"B-12682",1,"TK-20508","test",4
"B-12682",1,"TK-20509","dev",8
"B-12682",1,"TK-20510","dev",8
"B-12682",1,"TK-20511","dev",8
"B-12682",1,"TK-20512","dev",1
"B-12682",1,"TK-20513","test",8
"B-12682",1,"TK-20514","test",8
"B-12682",1,"TK-21138","dev",1
"B-12683",1,"TK-20518","dev",4
"B-12683",1,"TK-20519","dev",8
"B-12683",1,"TK-20520","dev",8
"B-12683",1,"TK-20521","dev",8
"B-12683",1,"TK-20522","dev",8
"B-12683",1,"TK-20523","dev",8
"B-12683",1,"TK-20524","dev",4
"B-12683",1,"TK-20525","dev",8
"B-12683",1,"TK-20526","dev",8
"B-12683",1,"TK-20527","dev",8
"B-12683",1,"TK-20528","test",8
"B-12683",1,"TK-20529","test",8
"B-12683",1,"TK-20530","dev",8
"B-12683",1,"TK-20531","dev",8
"B-12683",1,"TK-20532","dev",8
"B-12683",1,"TK-20533","dev",1
"B-12683",1,"TK-20534","test",8
"B-12683",1,"TK-20535","test",8
"B-12683",1,"TK-22074","dev",24
"B-12684",1,"TK-20552","dev",1
"B-12684",1,"TK-20553","dev",8
"B-12684",1,"TK-20554","dev",4
"B-12684",1,"TK-20555","dev",4
"B-12684",1,"TK-20556","dev",8
"B-12684",1,"TK-20557","dev",4
"B-12684",1,"TK-20558","dev",4
"B-12684",1,"TK-20559","dev",8
"B-12684",1,"TK-20560","dev",8
"B-12684",1,"TK-20561","test",8
"B-12684",1,"TK-20562","test",8
"B-12684",1,"TK-20585","dev",8
"B-12684",1,"TK-20586","dev",8
"B-12684",1,"TK-21908","test",4
"B-12684",1,"TK-22122","dev",8
"B-12684",1,"TK-22124","dev",8
"B-12684",1,"TK-23023","dev",4
"B-12685",1,"TK-20563","dev",1
"B-12685",1,"TK-20564","test",8
"B-12685",1,"TK-20565","dev",4
"B-12685",1,"TK-20566","dev",4
"B-12685",1,"TK-20567","dev",8
"B-12685",1,"TK-20568","dev",4
"B-12685",1,"TK-20569","dev",4
"B-12685",1,"TK-20570","dev",8
"B-12685",1,"TK-20571","dev",8
"B-12685",1,"TK-20572","test",8
"B-12685",1,"TK-20573","test",8
"B-12685",1,"TK-21905","test",4
"B-12687",1,"TK-20587","dev",1
"B-12687",1,"TK-20588","test",8
"B-12687",1,"TK-20589","dev",4
"B-12687",1,"TK-20590","dev",4
"B-12687",1,"TK-20591","dev",8
"B-12687",1,"TK-20592","dev",4
"B-12687",1,"TK-20593","dev",4
"B-12687",1,"TK-20594","dev",8
"B-12687",1,"TK-20595","dev",8
"B-12687",1,"TK-20596","test",8
"B-12687",1,"TK-20597","test",8
"B-12687",1,"TK-21906","test",4
"B-12687",1,"TK-22075","dev",16
"B-12691",1,"TK-20644","dev",8
"B-12691",1,"TK-20645","dev",8
"B-12691",1,"TK-20646","dev",8
"B-12691",1,"TK-20647","dev",4
"B-12691",1,"TK-20648","dev",4
"B-12691",1,"TK-20649","test",8
"B-12691",1,"TK-20650","test",4
"B-12691",1,"TK-20651","test",8
"B-12691",1,"TK-20652","test",4
"B-12691",1,"TK-22125","dev",4
"B-12692",1,"TK-20653","dev",4
"B-12692",1,"TK-20654","dev",8
"B-12692",1,"TK-20655","dev",4
"B-12692",1,"TK-20656","dev",4
"B-12692",1,"TK-20657","test",8
"B-12692",1,"TK-20658","test",4
"B-12692",1,"TK-20659","test",8
"B-12692",1,"TK-20660","test",4
"B-12693",1,"TK-20661","dev",4
"B-12693",1,"TK-20662","dev",8
"B-12693",1,"TK-20663","dev",4
"B-12693",1,"TK-20664","dev",4
"B-12693",1,"TK-20665","test",8
"B-12693",1,"TK-20666","test",4
"B-12693",1,"TK-20667","test",8
"B-12693",1,"TK-20668","test",4
"B-12636",2,"TK-20610","test",8
"B-12636",2,"TK-20611","test",8
"B-12636",2,"TK-20612","dev",8
"B-12636",2,"TK-20613","dev",8
"B-12636",2,"TK-20614","dev",8
"B-12636",2,"TK-22160","dev",4
"B-12637",2,"TK-20618","test",4
"B-12637",2,"TK-20619","test",4
"B-12639",2,"TK-20627","test",8
"B-12639",2,"TK-20628","test",8
"B-12639",2,"TK-20629","test",8
"B-12639",2,"TK-20630","test",8
"B-12639",2,"TK-20631","dev",4
"B-12639",2,"TK-20632","dev",4
"B-12639",2,"TK-21909","test",4
"B-12645",2,"TK-20682","dev",1
"B-12645",2,"TK-20683","dev",4
"B-12645",2,"TK-20684","dev",4
"B-12645",2,"TK-20685","dev",4
"B-12645",2,"TK-20686","dev",1
"B-12645",2,"TK-20687","dev",4
"B-12645",2,"TK-20688","dev",1
"B-12645",2,"TK-20689","dev",1
"B-12645",2,"TK-20690","dev",8
"B-12645",2,"TK-20691","dev",8
"B-12645",2,"TK-20692","dev",4
"B-12645",2,"TK-20693","dev",4
"B-12645",2,"TK-20694","dev",4
"B-12645",2,"TK-20695","test",8
"B-12645",2,"TK-20696","test",8
"B-12645",2,"TK-20697","test",4
"B-12645",2,"TK-22539","dev",4
"B-12645",2,"TK-22617","dev",4
"B-12645",2,"TK-22637","dev",2
"B-12645",2,"TK-22638","dev",4
"B-12645",2,"TK-22639","dev",6
"B-12645",2,"TK-22640","dev",4
"B-12645",2,"TK-22641","test",2
"B-12645",2,"TK-22642","test",2
"B-12645",2,"TK-23021","test",4
"B-12645",2,"TK-23097","dev",4
"B-12645",2,"TK-23098","dev",4
"B-12645",2,"TK-23127","test",8
"B-12645",2,"TK-23204","test",8
"B-12645",2,"TK-23205","test",1
"B-12645",2,"TK-23206","test",1
"B-12645",2,"TK-23207","test",1
"B-12648",2,"TK-20700","dev",8
"B-12648",2,"TK-20701","dev",8
"B-12648",2,"TK-20702","dev",8
"B-12648",2,"TK-20703","dev",4
"B-12648",2,"TK-20704","dev",4
"B-12648",2,"TK-20705","dev",4
"B-12648",2,"TK-20706","test",8
"B-12648",2,"TK-20707","test",8
"B-12648",2,"TK-20708","test",8
"B-12648",2,"TK-20709","test",8
"B-12648",2,"TK-20710","test",8
"B-12648",2,"TK-20711","test",8
"B-12648",2,"TK-20712","dev",8
"B-12648",2,"TK-20715","dev",4
"B-12648",2,"TK-21773","dev",4
"B-12648",2,"TK-22347","dev",8
"B-12649",2,"TK-20718","dev",8
"B-12649",2,"TK-20719","dev",8
"B-12649",2,"TK-20720","test",8
"B-12649",2,"TK-20721","test",8
"B-12650",2,"TK-20724","dev",1
"B-12650",2,"TK-20725","dev",8
"B-12650",2,"TK-20726","dev",8
"B-12650",2,"TK-20727","dev",4
"B-12650",2,"TK-20728","dev",4
"B-12650",2,"TK-20729","dev",8
"B-12650",2,"TK-20730","dev",8
"B-12650",2,"TK-20731","dev",8
"B-12650",2,"TK-20732","dev",8
"B-12650",2,"TK-20733","dev",4
"B-12650",2,"TK-20734","dev",8
"B-12650",2,"TK-20735","dev",4
"B-12650",2,"TK-20736","test",4
"B-12650",2,"TK-20737","test",8
"B-12650",2,"TK-20738","test",8
"B-12650",2,"TK-20739","dev",4
"B-12650",2,"TK-20740","dev",4
"B-12650",2,"TK-20743","dev",4
"B-12650",2,"TK-20744","dev",4
"B-12650",2,"TK-20745","dev",8
"B-12650",2,"TK-20746","dev",8
"B-12650",2,"TK-20747","test",8
"B-12650",2,"TK-20748","test",8
"B-12650",2,"TK-20749","dev",8
"B-12651",2,"TK-20751","dev",8
"B-12651",2,"TK-20752","dev",1
"B-12651",2,"TK-20753","dev",8
"B-12651",2,"TK-20754","dev",1
"B-12651",2,"TK-20755","dev",8
"B-12651",2,"TK-20756","test",8
"B-12651",2,"TK-20757","test",4
"B-12651",2,"TK-20758","test",4
"B-12651",2,"TK-23022","test",4
"B-12651",2,"TK-23210","test",4
"B-12651",2,"TK-23215","test",4
"B-12651",2,"TK-23217","test",4
"B-12651",2,"TK-23218","dev",8
"B-12635",3,"TK-20602","test",4
"B-12635",3,"TK-20603","test",4
"B-12635",3,"TK-20605","test",4
"B-12635",3,"TK-20606","dev",4
"B-12635",3,"TK-20607","dev",4
"B-12635",3,"TK-20608","dev",1
"B-12635",3,"TK-20609","dev",1
"B-12647",3,"TK-20699","test",8
"B-12653",3,"TK-20764","dev",8
"B-12653",3,"TK-20765","dev",8
"B-12653",3,"TK-20766","test",4
"B-12653",3,"TK-20767","test",4
"B-12653",3,"TK-22860","dev",8
"B-12653",3,"TK-23024","test",8
"B-12656",3,"TK-20777","dev",4
"B-12656",3,"TK-20778","dev",4
"B-12656",3,"TK-20779","dev",4
"B-12656",3,"TK-20781","test",4
"B-12656",3,"TK-20782","test",4
"B-12656",3,"TK-22720","dev",4
"B-12659",3,"TK-20785","dev",8
"B-12659",3,"TK-20786","dev",8
"B-12659",3,"TK-20787","dev",8
"B-12399",4,"TK-19842","dev",0
"B-12589",4,"TK-20305","dev",0
"B-12868",4,"TK-21193","dev",1
"B-12868",4,"TK-21292","dev",1
"B-12868",4,"TK-21295","dev",1
"B-13237",4,"TK-22237","dev",4
"B-13237",4,"TK-22238","dev",4
"B-13237",4,"TK-22239","dev",8
"B-13237",4,"TK-22240","dev",8
"B-13237",4,"TK-22241","test",8
"B-13237",4,"TK-22242","test",8
"B-13237",4,"TK-22243","test",8
"B-13237",4,"TK-22244","dev",8
"B-13237",4,"TK-22245","dev",4
"B-13237",4,"TK-22247","dev",8
"B-13237",4,"TK-22604","dev",4
"B-13237",4,"TK-22896","dev",4
"B-13238",4,"TK-22248","dev",4
"B-13238",4,"TK-22249","dev",8
"B-13238",4,"TK-22250","dev",8
"B-13238",4,"TK-22251","dev",8
"B-13238",4,"TK-22252","test",8
"B-13238",4,"TK-22258","dev",8
